                  epoch,         train/box_loss,         train/cls_loss,         train/dfl_loss,   metrics/precision(B),      metrics/recall(B),       metrics/mAP50(B),    metrics/mAP50-95(B),           val/box_loss,           val/cls_loss,           val/dfl_loss,                 lr/pg0,                 lr/pg1,                 lr/pg2
                      1,                 2.1684,                 2.2054,                 1.2297,                 0.4795,                0.70164,                0.58501,                0.28129,                 1.7729,                 1.5244,                 1.0468,               0.070017,              0.0033315,              0.0033315
                      2,                 1.8218,                 1.5302,                 1.0855,                 0.4781,                0.62669,                0.51603,                0.25545,                 1.7518,                 1.5086,                 1.0341,               0.039885,              0.0065329,              0.0065329
                      3,                 1.8051,                 1.4929,                 1.0807,                0.41574,                0.63515,                0.52925,                0.25492,                 1.7468,                 1.4823,                 1.0499,              0.0096207,              0.0096022,              0.0096022
                      4,                   1.78,                 1.4353,                  1.072,                0.51345,                0.65039,                0.55908,                0.25599,                 1.7366,                 1.4034,                 1.0179,               0.009406,               0.009406,               0.009406
                      5,                 1.6981,                 1.3464,                 1.0483,                 0.7716,                0.70019,                0.81406,                0.42309,                 1.6296,                 1.2127,                 1.0015,               0.009208,               0.009208,               0.009208
                      6,                 1.6634,                 1.2798,                 1.0335,                0.66611,                0.75798,                 0.7718,                0.40346,                 1.5945,                 1.2015,                0.98955,                0.00901,                0.00901,                0.00901
                      7,                 1.6293,                 1.2471,                 1.0252,                0.53653,                0.66997,                0.65205,                0.36183,                 1.5883,                 1.2526,                0.97763,               0.008812,               0.008812,               0.008812
                      8,                 1.6012,                  1.201,                 1.0165,                0.68068,                 0.7014,                0.75273,                0.40684,                 1.5581,                 1.1634,                  0.978,               0.008614,               0.008614,               0.008614
                      9,                 1.5843,                 1.1168,                 1.0087,                0.88367,                0.79763,                0.90378,                 0.4935,                 1.5632,                0.96352,                0.97116,               0.008416,               0.008416,               0.008416
                     10,                 1.5727,                 1.0596,                 1.0074,                0.82861,                0.73259,                0.83492,                0.46434,                 1.5352,                 1.0258,                0.96723,               0.008218,               0.008218,               0.008218
                     11,                  1.558,                 1.0035,                 0.9986,                0.89042,                0.77797,                0.89744,                0.49258,                 1.5275,                0.93202,                0.96763,                0.00802,                0.00802,                0.00802
                     12,                 1.5507,                0.97002,                 1.0003,                0.87762,                0.79062,                0.90499,                0.50502,                 1.5398,                0.93554,                0.96947,               0.007822,               0.007822,               0.007822
                     13,                  1.535,                0.95657,                0.99332,                0.89635,                0.86823,                 0.9404,                0.53075,                 1.5034,                0.85389,                 0.9586,               0.007624,               0.007624,               0.007624
                     14,                 1.5298,                 0.9175,                0.99438,                0.90094,                0.87743,                0.94272,                0.53546,                 1.5032,                0.82932,                0.95709,               0.007426,               0.007426,               0.007426
                     15,                 1.5121,                 0.9051,                 0.9872,                0.90473,                0.88173,                0.94418,                0.54505,                 1.5012,                0.82834,                0.95287,               0.007228,               0.007228,               0.007228
                     16,                 1.4679,                0.85055,                0.97693,                0.90675,                0.88274,                0.94942,                0.55327,                 1.4778,                0.78331,                0.95056,                0.00703,                0.00703,                0.00703
                     17,                 1.4959,                0.87428,                0.98267,                 0.8804,                0.88612,                0.93782,                0.54339,                 1.4877,                0.79387,                 0.9529,               0.006832,               0.006832,               0.006832
                     18,                 1.4913,                0.86621,                0.98056,                0.89697,                0.88564,                0.94941,                0.55414,                 1.4763,                0.78071,                0.94982,               0.006634,               0.006634,               0.006634
                     19,                 1.4908,                0.85766,                0.97769,                0.91229,                0.87265,                0.94955,                0.55895,                 1.4648,                0.77636,                 0.9465,               0.006436,               0.006436,               0.006436
                     20,                 1.4821,                0.84297,                0.97813,                0.92247,                0.90812,                0.96118,                0.56633,                  1.469,                 0.7446,                0.94714,               0.006238,               0.006238,               0.006238
                     21,                 1.4747,                0.82796,                 0.9733,                0.93292,                0.90113,                0.96068,                0.57365,                 1.4513,                0.73778,                0.94217,                0.00604,                0.00604,                0.00604
                     22,                  1.441,                0.79541,                0.96784,                0.92428,                0.91784,                 0.9624,                0.57469,                 1.4475,                0.73058,                0.94228,               0.005842,               0.005842,               0.005842
                     23,                  1.443,                0.78772,                0.96678,                0.92502,                0.92167,                0.95107,                0.56795,                 1.4609,                 0.7337,                0.94535,               0.005644,               0.005644,               0.005644
                     24,                  1.439,                0.79217,                0.96461,                0.93352,                0.92481,                0.96501,                0.57503,                 1.4438,                0.71849,                0.94062,               0.005446,               0.005446,               0.005446
                     25,                 1.4444,                0.78994,                0.96524,                0.93542,                0.92843,                0.96452,                 0.5725,                 1.4448,                0.71339,                0.93961,               0.005248,               0.005248,               0.005248
                     26,                 1.4349,                0.77374,                0.96483,                0.94046,                0.93182,                0.96822,                0.58244,                 1.4431,                0.69667,                0.93986,                0.00505,                0.00505,                0.00505
                     27,                  1.428,                0.76657,                0.95923,                0.94089,                0.92757,                0.96873,                0.58657,                 1.4336,                 0.6951,                 0.9373,               0.004852,               0.004852,               0.004852
                     28,                 1.4351,                0.77337,                0.96328,                 0.9504,                0.94173,                0.97209,                0.58621,                  1.435,                 0.6815,                0.93565,               0.004654,               0.004654,               0.004654
                     29,                 1.4291,                0.76849,                0.96198,                0.95303,                0.95019,                0.97379,                0.58979,                 1.4309,                 0.6882,                0.93489,               0.004456,               0.004456,               0.004456
                     30,                 1.4176,                0.75858,                0.95806,                0.95832,                0.95189,                0.97615,                0.59328,                  1.427,                0.66779,                 0.9339,               0.004258,               0.004258,               0.004258
                     31,                 1.4245,                 0.7522,                0.95965,                0.95816,                0.94995,                0.97495,                0.59392,                 1.4128,                0.67242,                0.93203,                0.00406,                0.00406,                0.00406
                     32,                 1.4111,                0.74753,                0.95238,                0.95527,                0.95014,                0.97439,                0.59646,                 1.4083,                0.66787,                0.93102,               0.003862,               0.003862,               0.003862
                     33,                 1.4113,                0.73149,                0.95746,                0.95132,                0.94826,                0.97598,                0.60164,                 1.4058,                0.66221,                0.93126,               0.003664,               0.003664,               0.003664
                     34,                  1.407,                0.73537,                0.95344,                0.95883,                0.95358,                0.97403,                0.60137,                 1.4026,                0.66185,                0.92944,               0.003466,               0.003466,               0.003466
                     35,                  1.401,                0.72719,                0.95515,                0.95985,                0.95866,                0.97749,                0.60131,                 1.3986,                0.65484,                0.92749,               0.003268,               0.003268,               0.003268
                     36,                 1.3966,                 0.7252,                0.95272,                 0.9631,                0.95914,                 0.9787,                0.60509,                 1.3949,                0.65048,                0.92683,                0.00307,                0.00307,                0.00307
                     37,                   1.39,                0.70772,                0.94859,                0.96293,                0.96096,                 0.9799,                0.60958,                 1.3942,                0.64008,                0.92654,               0.002872,               0.002872,               0.002872
                     38,                 1.3802,                0.70635,                0.94991,                0.96188,                0.95787,                0.97987,                0.60849,                 1.3964,                0.63912,                0.92654,               0.002674,               0.002674,               0.002674
                     39,                 1.3794,                0.70212,                0.94783,                0.96062,                0.96134,                0.97943,                 0.6079,                 1.3939,                0.63984,                0.92645,               0.002476,               0.002476,               0.002476
                     40,                 1.3819,                0.70087,                0.94895,                0.96228,                0.96277,                0.98112,                0.60976,                 1.3899,                0.63627,                0.92437,               0.002278,               0.002278,               0.002278
                     41,                 1.3576,                 0.6733,                 0.9636,                0.96374,                0.96382,                0.98189,                0.61062,                 1.3833,                0.63803,                0.92413,                0.00208,                0.00208,                0.00208
                     42,                 1.3413,                0.65444,                0.95689,                0.96421,                0.96301,                 0.9815,                0.61282,                 1.3814,                0.63265,                0.92449,               0.001882,               0.001882,               0.001882
                     43,                 1.3373,                0.64007,                0.95721,                0.96747,                0.96301,                0.98179,                0.61302,                 1.3821,                 0.6276,                 0.9234,               0.001684,               0.001684,               0.001684
                     44,                 1.3276,                0.62993,                0.95402,                0.96749,                0.96419,                 0.9825,                0.61599,                 1.3782,                0.62668,                0.92207,               0.001486,               0.001486,               0.001486
                     45,                 1.3254,                0.61875,                0.95186,                0.96875,                0.96301,                0.98308,                0.61806,                 1.3778,                0.62314,                0.92267,               0.001288,               0.001288,               0.001288
                     46,                 1.3188,                0.61528,                0.95112,                0.96538,                0.96518,                0.98334,                0.61883,                 1.3778,                 0.6198,                0.92318,                0.00109,                0.00109,                0.00109
                     47,                 1.3138,                0.61018,                0.94755,                 0.9673,                0.96567,                0.98359,                 0.6199,                 1.3762,                0.61764,                0.92245,               0.000892,               0.000892,               0.000892
                     48,                 1.3032,                0.60144,                0.94428,                0.96895,                0.96494,                0.98416,                0.62296,                 1.3742,                0.61465,                0.92212,               0.000694,               0.000694,               0.000694
                     49,                 1.3026,                0.59657,                0.94594,                0.97034,                 0.9651,                0.98469,                0.62368,                 1.3733,                0.61094,                 0.9221,               0.000496,               0.000496,               0.000496
                     50,                 1.2981,                0.59137,                 0.9403,                0.96678,                0.96397,                0.98452,                  0.623,                 1.3721,                0.61026,                0.92154,               0.000298,               0.000298,               0.000298
